<?xml version="1.0" encoding="utf-8"?>
<resources>
    <color name="purple_200">#FFBB86FC</color>
    <color name="purple_500">#FF6200EE</color>
    <color name="purple_700">#FF3700B3</color>
    <color name="teal_200">#FF03DAC5</color>
    <color name="teal_700">#FF018786</color>
    <color name="black">#FF000000</color>
    <color name="white">#FFFFFFFF</color>
    <color name="grey_background">#F5F5F5</color>
    <color name="status_confirmed">#4CAF50</color>
    <color name="status_pending">#FF9800</color>
    <color name="status_cancelled">#F44336</color>
</resources>