<resources>
    <string name="app_name">LuxeVista Resort</string>

    <string name="email">Email</string>
    <string name="password">Password</string>
    <string name="login">Login</string>
    <string name="register_prompt">Don\'t have an account? Register here.</string>
    <string name="full_name">Full Name</string>
    <string name="confirm_password">Confirm Password</string>
    <string name="register">Register</string>

    <string name="welcome_message">Welcome to LuxeVista!</string>
    <string name="book_room">Book a Room</string>
    <string name="reserve_services">Reserve Services</string>
    <string name="my_bookings">My Bookings</string>
    <string name="offers_attractions">Offers &amp; Attractions</string>
    <string name="my_profile">My Profile</string>
    <string name="action_logout">Logout</string>

    <string name="profile_title">My Profile</string>
    <string name="profile_name_label">Name:</string>
    <string name="profile_email_label">Email:</string>
    <string name="update_profile">Update Profile</string>
    <string name="change_password">Change Password</string>
    <string name="view_booking_history">View My Bookings</string>

    <string name="available_rooms">Available Rooms</string>
    <string name="room_image_desc">Room Image</string>
    <string name="book_now">Book Now</string>
    <string name="amenities_label">Amenities:</string>

    <string name="available_services">Available Services</string>
    <string name="service_image_desc">Service Image</string>
    <string name="select_date_time">Select Date &amp; Time:</string>
    <string name="pick_date">Pick Date</string>
    <string name="pick_time">Pick Time</string>
    <string name="reserve_service_button">Reserve Service</string>

    <string name="my_bookings_title">My Bookings</string>
    <string name="empty_bookings">You have no current bookings.</string>
    <string name="booking_item_label">Item:</string>
    <string name="booking_details_label">Details:</string>
    <string name="booking_price_label">Price:</string>
    <string name="confirm_booking_button">Confirm Booking</string>
    <string name="cancel_booking">Cancel</string>

    <string name="attractions_title">Offers &amp; Attractions</string>
    <string name="attraction_image_desc">Attraction Image</string>

    <string name="loading">Loading…</string>
    <string name="error_generic">An error occurred. Please try again.</string>
    <string name="error_network">Network error. Please check your connection.</string>
    <string name="unavailable">Unavailable</string>

</resources>